#,Type 1,HP,Attack,Defense,Sp. Atk,Sp. Def,Speed
200,Ghost,60,60,60,85,85,85
648,Normal,100,77,77,128,128,90
211,Water,65,95,75,55,55,85
470,Grass,65,110,130,60,65,95
645,Ground,89,125,90,115,80,101
593,Water,100,60,70,85,105,60
2,Grass,60,62,63,80,80,60
173,Fairy,50,25,28,45,55,15
294,Normal,84,71,43,71,43,48
387,Grass,55,68,64,45,55,31
130,Water,95,125,79,60,100,81
457,Water,69,69,76,69,86,91
336,Poison,73,100,60,100,60,65
409,Rock,97,165,60,65,50,58
492,Grass,100,100,100,100,100,100
345,Rock,66,41,77,61,87,23
266,Bug,50,35,55,25,25,15
569,Poison,80,95,82,60,82,75
686,Dark,53,54,53,37,46,45
681,Steel,60,150,50,150,50,60
461,Dark,70,120,65,45,85,125
293,Normal,64,51,23,51,23,28
14,Bug,45,25,50,25,25,35
37,Fire,38,41,40,50,65,65
446,Normal,135,85,40,40,85,5
187,Grass,35,35,40,35,55,50
528,Psychic,67,57,55,77,55,114
433,Psychic,45,30,50,65,50,45
350,Water,95,60,79,100,125,81
554,Fire,70,90,45,15,45,50
577,Psychic,45,30,40,105,50,20
104,Ground,50,50,95,40,50,35
135,Electric,65,65,60,110,95,130
316,Poison,70,43,53,43,53,40
608,Ghost,60,40,60,95,60,55
311,Electric,60,50,40,85,75,95
218,Fire,40,40,40,70,40,20
15,Bug,65,90,40,45,80,75
108,Normal,90,55,75,60,75,30
48,Bug,60,55,50,40,55,45
496,Grass,60,60,75,60,75,83
125,Electric,65,83,57,95,85,105
520,Normal,62,77,62,50,42,65
246,Rock,50,64,50,45,50,41
679,Steel,45,80,100,35,37,28
151,Psychic,100,100,100,100,100,100
706,Dragon,90,100,70,110,150,80
581,Water,75,87,63,87,63,98
643,Dragon,100,120,100,150,120,90
288,Normal,80,80,80,55,55,90
445,Dragon,108,130,95,80,85,102
371,Dragon,45,75,60,40,30,50
411,Rock,60,52,168,47,138,30
506,Normal,45,60,45,25,45,55
320,Water,130,70,35,70,35,60
366,Water,35,64,85,74,55,32
435,Poison,103,93,67,71,61,84
256,Fire,60,85,60,85,60,55
382,Water,100,100,90,150,140,90
588,Bug,50,75,45,40,45,60
363,Ice,70,40,50,55,50,25
308,Fighting,60,60,75,60,75,80
499,Fire,90,93,55,70,55,55
227,Steel,65,80,140,40,70,70
198,Dark,60,85,42,85,42,91
333,Normal,45,40,60,40,75,50
282,Psychic,68,65,65,125,115,80
383,Ground,100,150,140,100,90,90
406,Grass,40,30,35,50,70,55
698,Rock,77,59,50,67,63,46
263,Normal,38,30,41,30,41,60
325,Psychic,60,25,35,70,80,60
462,Electric,70,70,115,130,90,60
296,Fighting,72,60,30,20,30,25
159,Water,65,80,80,59,63,58
115,Normal,105,95,80,40,80,90
477,Ghost,45,100,135,65,135,45
652,Grass,88,107,122,74,75,64
630,Dark,110,65,105,55,95,80
545,Bug,60,100,89,55,69,112
25,Electric,35,55,40,50,50,90
708,Ghost,43,70,48,50,60,38
408,Rock,67,125,40,30,30,58
556,Grass,75,86,67,106,67,60
23,Poison,35,60,44,40,54,55
570,Dark,40,65,40,80,40,65
269,Bug,60,50,70,50,90,65
603,Electric,65,85,70,75,70,40
275,Grass,90,100,60,90,60,80
47,Bug,60,95,80,60,80,30
398,Normal,85,120,70,50,60,100
590,Grass,69,55,45,55,55,15
513,Fire,50,53,48,53,48,64
572,Normal,55,50,40,40,40,75
546,Grass,40,27,60,37,50,66
488,Psychic,120,70,120,75,130,85
244,Fire,115,115,85,90,75,100
205,Bug,75,90,140,60,60,40
142,Rock,80,105,65,60,75,130
402,Bug,77,85,51,55,51,65
450,Ground,108,112,118,68,72,47
533,Fighting,85,105,85,40,50,40
389,Grass,95,109,105,75,85,56
158,Water,50,65,64,44,48,43
196,Psychic,65,65,60,130,95,110
378,Ice,80,50,100,100,200,50
178,Psychic,65,75,70,95,70,95
384,Dragon,105,150,90,150,90,95
126,Fire,65,95,57,100,85,93
392,Fire,76,104,71,104,71,108
540,Bug,45,53,70,40,60,42
538,Fighting,120,100,85,30,85,45
527,Psychic,55,45,43,55,43,72
103,Grass,95,95,85,125,65,55
60,Water,40,50,40,40,40,90
405,Electric,80,120,79,95,79,70
351,Normal,70,70,70,70,70,70
230,Water,75,95,95,95,95,85
627,Normal,70,83,50,37,50,60
270,Water,40,30,30,40,50,30
349,Water,20,15,20,10,55,80
136,Fire,65,130,60,95,110,65
487,Ghost,150,100,120,100,120,90
684,Fairy,62,48,66,59,57,49
84,Normal,35,85,45,35,35,75
601,Steel,60,100,115,70,85,90
658,Water,72,95,67,103,71,122
663,Fire,78,81,71,74,69,126
712,Ice,55,69,85,32,35,28
323,Fire,70,100,70,105,75,40
607,Ghost,50,30,55,65,55,20
131,Water,130,85,80,85,95,60
655,Fire,75,69,72,114,100,104
380,Dragon,80,80,90,110,130,110
523,Electric,75,100,63,80,63,116
646,Dragon,125,130,90,130,90,95
557,Bug,50,65,85,35,35,55
215,Dark,55,95,55,35,75,115
549,Grass,70,60,75,110,75,90
635,Dark,92,105,90,125,90,98
702,Electric,67,58,57,81,67,101
515,Water,50,53,48,53,48,64
235,Normal,55,20,35,20,45,75
628,Normal,100,123,75,57,75,80
519,Normal,50,55,50,36,30,43
154,Grass,80,82,100,83,100,80
107,Fighting,50,105,79,35,110,76
50,Ground,10,55,25,35,45,95
20,Normal,55,81,60,50,70,97
386,Psychic,50,150,50,150,50,150
249,Psychic,106,90,130,90,154,110
34,Poison,81,102,77,85,75,85
271,Water,60,50,50,60,70,50
51,Ground,35,80,50,50,70,120
348,Rock,75,125,100,70,80,45
280,Psychic,28,25,25,45,35,40
251,Psychic,100,100,100,100,100,100
119,Water,80,92,65,65,80,68
597,Grass,44,50,91,24,86,10
629,Dark,70,55,75,45,65,60
503,Water,95,100,85,108,70,70
567,Rock,75,140,65,112,65,110
75,Rock,55,95,115,45,45,35
701,Fighting,78,92,75,74,63,118
10,Bug,45,30,35,20,20,45
501,Water,55,55,45,63,45,45
657,Water,54,63,52,83,56,97
418,Water,55,65,35,60,30,85
532,Fighting,75,80,55,25,35,35
238,Ice,45,30,15,85,65,65
543,Bug,30,45,59,30,39,57
441,Normal,76,65,45,92,42,91
143,Normal,160,110,65,65,110,30
18,Normal,83,80,75,70,70,101
339,Water,50,48,43,46,41,60
675,Fighting,95,124,78,69,71,58
584,Ice,71,95,85,110,95,79
175,Fairy,35,20,65,40,65,20
665,Bug,45,22,60,27,30,29
574,Psychic,45,30,50,55,65,45
153,Grass,60,62,80,63,80,60
370,Water,43,30,55,40,65,97
638,Steel,91,90,129,90,72,108
168,Bug,70,90,70,60,60,40
27,Ground,50,75,85,20,30,40
91,Water,50,95,180,85,45,70
213,Bug,20,10,230,10,230,5
89,Poison,105,105,75,65,100,50
417,Electric,60,45,70,45,90,95
79,Water,90,65,65,40,40,15
459,Grass,60,62,50,62,60,40
240,Fire,45,75,37,70,55,83
35,Fairy,70,45,48,60,65,35
700,Fairy,95,65,65,110,130,60
109,Poison,40,65,95,60,45,35
340,Water,110,78,73,76,71,60
346,Rock,86,81,97,81,107,43
404,Electric,60,85,49,60,49,60
437,Steel,67,89,116,79,116,33
583,Ice,51,65,65,80,75,59
683,Fairy,101,72,72,99,89,29
483,Steel,100,120,120,150,100,90
531,Normal,103,60,86,60,86,50
355,Ghost,20,40,90,30,90,25
258,Water,50,70,50,50,50,40
443,Dragon,58,70,45,40,45,42
530,Ground,110,135,60,50,65,88
474,Normal,85,80,70,135,75,90
615,Ice,70,50,30,95,135,105
508,Normal,85,110,90,45,90,80
516,Water,75,98,63,98,63,101
110,Poison,65,90,120,85,70,60
438,Rock,50,80,95,10,45,10
509,Dark,41,50,37,50,37,66
123,Bug,70,110,80,55,80,105
427,Normal,55,66,44,44,56,85
667,Fire,62,50,58,73,54,72
279,Water,60,50,100,85,70,65
455,Grass,74,100,72,90,72,46
529,Ground,60,85,40,30,45,68
476,Rock,60,55,145,75,150,40
206,Normal,100,70,70,65,65,45
542,Bug,75,103,80,70,80,92
